state,zip_code,total_returns,eitc_returns,eitc_amount_thousands,paid_prep_returns,direct_deposit_returns,paid_preparer_share
CT,06001,9330.0,510.0,654.0,5170.0,5070.0,0.5541264737406216
CT,06002,12320.0,1900.0,3110.0,6570.0,8730.0,0.5332792207792207
CT,06010,31320.0,5650.0,10390.0,14920.0,24480.0,0.4763729246487867
CT,06013,4890.0,320.0,420.0,2570.0,3090.0,0.5255623721881391
CT,06016,3310.0,430.0,684.0,1660.0,2370.0,0.5015105740181269
CT,06018,1360.0,240.0,393.0,810.0,960.0,0.5955882352941176
CT,06019,4930.0,400.0,583.0,2460.0,3030.0,0.49898580121703856
CT,06021,690.0,70.0,115.0,430.0,450.0,0.6231884057971014
CT,06023,760.0,50.0,82.0,440.0,500.0,0.5789473684210527
CT,06024,260.0,30.0,48.0,170.0,170.0,0.6538461538461539
CT,06026,2660.0,210.0,315.0,1230.0,1780.0,0.462406015037594
CT,06027,760.0,70.0,104.0,370.0,530.0,0.4868421052631579
CT,06029,8490.0,670.0,967.0,4130.0,5750.0,0.48645465253239106
CT,06031,580.0,80.0,116.0,360.0,340.0,0.6206896551724138
CT,06032,9550.0,660.0,1006.0,5370.0,5550.0,0.562303664921466
CT,06033,14930.0,1070.0,1593.0,7660.0,8850.0,0.5130609511051574
CT,06035,3880.0,270.0,363.0,1830.0,2480.0,0.47164948453608246
CT,06037,10150.0,800.0,1145.0,5720.0,6870.0,0.5635467980295567
CT,06039,1110.0,100.0,150.0,740.0,590.0,0.6666666666666666
CT,06040,18080.0,3670.0,7201.0,8030.0,13920.0,0.44413716814159293
CT,06042,12720.0,1950.0,3501.0,5610.0,9750.0,0.4410377358490566
CT,06043,2560.0,200.0,301.0,1270.0,1630.0,0.49609375
CT,06051,14190.0,5600.0,12245.0,5840.0,12350.0,0.41155743481324875
CT,06052,4100.0,910.0,1807.0,1960.0,3210.0,0.47804878048780486
CT,06053,16560.0,4270.0,8468.0,7420.0,13410.0,0.44806763285024154
CT,06057,3410.0,290.0,433.0,1820.0,2230.0,0.533724340175953
CT,06058,820.0,110.0,154.0,530.0,500.0,0.6463414634146342
CT,06060,1270.0,70.0,83.0,640.0,720.0,0.5039370078740157
CT,06062,9660.0,1270.0,2058.0,4810.0,7360.0,0.4979296066252588
CT,06063,1710.0,150.0,210.0,860.0,1140.0,0.5029239766081871
CT,06065,380.0,30.0,36.0,220.0,250.0,0.5789473684210527
CT,06066,16070.0,2490.0,4494.0,6710.0,12090.0,0.417548226509023
CT,06067,10610.0,890.0,1352.0,5600.0,7030.0,0.527803958529689
CT,06068,750.0,60.0,109.0,510.0,360.0,0.68
CT,06069,1150.0,120.0,168.0,780.0,570.0,0.6782608695652174
CT,06070,7780.0,470.0,655.0,3930.0,4440.0,0.5051413881748072
CT,06071,4650.0,350.0,492.0,2650.0,3070.0,0.5698924731182796
CT,06073,2930.0,150.0,192.0,1730.0,1540.0,0.590443686006826
CT,06074,13300.0,1010.0,1537.0,6880.0,8600.0,0.5172932330827068
CT,06076,5980.0,760.0,1278.0,2950.0,4480.0,0.49331103678929766
CT,06078,5390.0,380.0,590.0,2960.0,3460.0,0.549165120593692
CT,06081,740.0,100.0,172.0,300.0,530.0,0.40540540540540543
CT,06082,21180.0,2860.0,5022.0,9920.0,16050.0,0.4683663833805477
CT,06084,7270.0,500.0,766.0,3370.0,4830.0,0.46354883081155435
CT,06085,3610.0,290.0,421.0,1800.0,2300.0,0.4986149584487535
CT,06088,2700.0,380.0,557.0,1340.0,2050.0,0.4962962962962963
CT,06089,2130.0,140.0,215.0,1010.0,1260.0,0.47417840375586856
CT,06090,550.0,30.0,42.0,290.0,320.0,0.5272727272727272
CT,06092,1970.0,110.0,125.0,1030.0,1050.0,0.5228426395939086
CT,06093,1860.0,130.0,187.0,1070.0,1210.0,0.5752688172043011
CT,06095,16380.0,2340.0,3895.0,8160.0,12070.0,0.4981684981684982
CT,06096,7040.0,1010.0,1763.0,3290.0,5340.0,0.46732954545454547
CT,06098,5170.0,970.0,1689.0,2440.0,3910.0,0.47195357833655704
CT,06103,1670.0,230.0,273.0,670.0,1230.0,0.40119760479041916
CT,06105,8190.0,2620.0,5017.0,3680.0,6510.0,0.44932844932844934
CT,06106,15480.0,5820.0,12505.0,7200.0,13180.0,0.46511627906976744
CT,06107,9640.0,420.0,540.0,5340.0,5310.0,0.553941908713693
CT,06108,12150.0,3480.0,7006.0,6090.0,10120.0,0.5012345679012346
CT,06109,14560.0,1440.0,2348.0,7760.0,9880.0,0.532967032967033
CT,06110,6660.0,1150.0,2093.0,3470.0,4880.0,0.521021021021021
CT,06111,16510.0,1720.0,2778.0,8450.0,11690.0,0.5118110236220472
CT,06112,9950.0,3980.0,8672.0,4910.0,8750.0,0.4934673366834171
CT,06114,11760.0,4540.0,9708.0,6110.0,10100.0,0.5195578231292517
CT,06117,7410.0,400.0,551.0,4450.0,3930.0,0.6005398110661269
CT,06118,14430.0,3200.0,6180.0,6800.0,11650.0,0.47124047124047125
CT,06119,7440.0,930.0,1605.0,3500.0,4900.0,0.47043010752688175
CT,06120,4850.0,2560.0,6325.0,2210.0,4410.0,0.4556701030927835
CT,06226,7540.0,2500.0,5242.0,2680.0,6410.0,0.35543766578249336
CT,06231,1970.0,150.0,217.0,950.0,1300.0,0.48223350253807107
CT,06232,1720.0,150.0,199.0,800.0,1180.0,0.46511627906976744
CT,06234,3990.0,580.0,1007.0,2020.0,2960.0,0.506265664160401
CT,06235,1110.0,190.0,313.0,540.0,800.0,0.4864864864864865
CT,06237,2840.0,240.0,358.0,1490.0,1920.0,0.5246478873239436
CT,06238,6370.0,670.0,1025.0,2970.0,4440.0,0.4662480376766091
CT,06239,5300.0,990.0,1840.0,2490.0,4230.0,0.469811320754717
CT,06241,3330.0,520.0,1001.0,1740.0,2560.0,0.5225225225225225
CT,06242,720.0,80.0,95.0,450.0,490.0,0.625
CT,06243,140.0,20.0,26.0,70.0,100.0,0.5
CT,06247,1250.0,140.0,208.0,630.0,890.0,0.504
CT,06248,2880.0,210.0,308.0,1410.0,1880.0,0.4895833333333333
CT,06249,3700.0,360.0,565.0,1810.0,2680.0,0.4891891891891892
CT,06250,2380.0,320.0,530.0,1130.0,1660.0,0.47478991596638653
CT,06254,1000.0,120.0,188.0,510.0,720.0,0.51
CT,06255,2250.0,310.0,516.0,1260.0,1750.0,0.56
CT,06256,1160.0,190.0,327.0,550.0,920.0,0.47413793103448276
CT,06259,1880.0,180.0,277.0,1110.0,1210.0,0.5904255319148937
CT,06260,4600.0,850.0,1499.0,2360.0,3610.0,0.5130434782608696
CT,06262,320.0,40.0,47.0,190.0,240.0,0.59375
CT,06264,240.0,20.0,39.0,130.0,180.0,0.5416666666666666
CT,06266,290.0,50.0,76.0,150.0,240.0,0.5172413793103449
CT,06268,3140.0,330.0,540.0,1480.0,2020.0,0.4713375796178344
CT,06277,2110.0,200.0,304.0,1290.0,1550.0,0.6113744075829384
CT,06278,2230.0,280.0,447.0,1020.0,1600.0,0.45739910313901344
CT,06279,2780.0,370.0,574.0,1280.0,2010.0,0.460431654676259
CT,06280,1630.0,220.0,400.0,750.0,1230.0,0.4601226993865031
CT,06281,3510.0,320.0,477.0,2120.0,2390.0,0.603988603988604
CT,06282,630.0,60.0,91.0,340.0,440.0,0.5396825396825397
CT,06320,12740.0,3790.0,7304.0,5850.0,10340.0,0.45918367346938777
CT,06330,1430.0,250.0,492.0,570.0,1080.0,0.3986013986013986
CT,06331,2620.0,340.0,506.0,1280.0,1960.0,0.48854961832061067
CT,06333,3770.0,270.0,419.0,1900.0,2310.0,0.5039787798408488
CT,06334,1360.0,170.0,249.0,680.0,990.0,0.5
CT,06335,3380.0,390.0,613.0,1360.0,2430.0,0.40236686390532544
CT,06339,4180.0,520.0,872.0,1870.0,3080.0,0.4473684210526316
CT,06340,14010.0,2540.0,4581.0,5970.0,10740.0,0.4261241970021413
CT,06351,8140.0,1250.0,2265.0,3680.0,6250.0,0.4520884520884521
CT,06353,170.0,30.0,56.0,80.0,130.0,0.47058823529411764
CT,06354,2770.0,510.0,954.0,1290.0,2230.0,0.4657039711191336
CT,06355,6920.0,530.0,773.0,3820.0,4170.0,0.5520231213872833
CT,06357,6010.0,570.0,893.0,3110.0,3830.0,0.5174708818635607
CT,06359,2640.0,250.0,377.0,1450.0,1780.0,0.5492424242424242
CT,06360,18340.0,4550.0,8699.0,8410.0,14730.0,0.4585605234460196
CT,06365,2410.0,260.0,383.0,1180.0,1770.0,0.4896265560165975
CT,06370,3670.0,410.0,722.0,1530.0,2720.0,0.41689373297002724
CT,06371,5210.0,380.0,531.0,3100.0,2870.0,0.5950095969289827
CT,06374,3850.0,580.0,991.0,1720.0,3100.0,0.44675324675324674
CT,06375,2060.0,250.0,430.0,960.0,1460.0,0.46601941747572817
CT,06377,1350.0,190.0,353.0,700.0,1050.0,0.5185185185185185
CT,06378,2960.0,210.0,267.0,1850.0,1630.0,0.625
CT,06379,4710.0,610.0,964.0,2510.0,3300.0,0.5329087048832272
CT,06380,1530.0,520.0,1101.0,620.0,1320.0,0.40522875816993464
CT,06382,5230.0,820.0,1397.0,2340.0,4040.0,0.4474187380497132
CT,06384,1390.0,170.0,282.0,750.0,1040.0,0.539568345323741
CT,06385,8680.0,850.0,1277.0,4460.0,5870.0,0.5138248847926268
CT,06389,110.0,0.0,0.0,40.0,80.0,0.36363636363636365
CT,06401,9850.0,2340.0,4473.0,4640.0,7930.0,0.47106598984771575
CT,06403,3330.0,320.0,461.0,1690.0,2340.0,0.5075075075075075
CT,06405,15760.0,1590.0,2215.0,9220.0,10320.0,0.5850253807106599
CT,06409,380.0,40.0,69.0,200.0,240.0,0.5263157894736842
CT,06410,13680.0,980.0,1400.0,7800.0,8430.0,0.5701754385964912
CT,06412,2040.0,190.0,245.0,1120.0,1260.0,0.5490196078431373
CT,06413,7030.0,780.0,1118.0,3710.0,4760.0,0.5277382645803699
CT,06415,8480.0,850.0,1354.0,3950.0,6040.0,0.4658018867924528
CT,06416,7870.0,730.0,1080.0,3920.0,5380.0,0.49809402795425667
CT,06417,2370.0,250.0,375.0,1280.0,1550.0,0.540084388185654
CT,06418,6570.0,1250.0,2410.0,3140.0,5080.0,0.4779299847792998
CT,06419,3280.0,210.0,241.0,1840.0,2020.0,0.5609756097560976
CT,06420,2160.0,190.0,292.0,990.0,1460.0,0.4583333333333333
CT,06422,3750.0,260.0,366.0,2120.0,2430.0,0.5653333333333334
CT,06423,2630.0,210.0,321.0,1420.0,1720.0,0.5399239543726235
CT,06424,6550.0,570.0,864.0,3190.0,4490.0,0.4870229007633588
CT,06426,1910.0,100.0,110.0,1320.0,890.0,0.6910994764397905
CT,06437,11100.0,720.0,953.0,6760.0,6280.0,0.609009009009009
CT,06438,1370.0,100.0,138.0,730.0,880.0,0.5328467153284672
CT,06441,2820.0,220.0,345.0,1560.0,1860.0,0.5531914893617021
CT,06442,1430.0,130.0,201.0,730.0,880.0,0.5104895104895105
CT,06443,9100.0,510.0,623.0,5460.0,4920.0,0.6
CT,06447,3110.0,200.0,276.0,1570.0,2000.0,0.5048231511254019
CT,06450,18170.0,3890.0,7882.0,8820.0,14550.0,0.4854155200880572
CT,06451,12370.0,3010.0,6153.0,5790.0,10040.0,0.46806790622473726
CT,06455,1670.0,120.0,163.0,940.0,1080.0,0.562874251497006
CT,06457,23270.0,3560.0,6234.0,10470.0,17380.0,0.44993553932101416
CT,06460,20600.0,1990.0,3049.0,11470.0,13900.0,0.5567961165048544
CT,06461,8080.0,670.0,980.0,4590.0,5370.0,0.568069306930693
CT,06468,9450.0,720.0,1111.0,5330.0,5840.0,0.564021164021164
CT,06469,1680.0,190.0,294.0,780.0,1190.0,0.4642857142857143
CT,06470,8030.0,520.0,728.0,4650.0,4530.0,0.5790784557907845
CT,06471,3910.0,360.0,498.0,2180.0,2650.0,0.5575447570332481
CT,06472,3440.0,290.0,391.0,2000.0,2390.0,0.5813953488372093
CT,06473,13190.0,1230.0,1829.0,7790.0,8900.0,0.5905989385898408
CT,06475,5960.0,430.0,627.0,3580.0,3460.0,0.6006711409395973
CT,06477,7280.0,480.0,724.0,4650.0,4240.0,0.6387362637362637
CT,06478,6790.0,490.0,691.0,3830.0,4430.0,0.5640648011782032
CT,06479,5260.0,490.0,706.0,2840.0,3670.0,0.5399239543726235
CT,06480,4940.0,480.0,731.0,2430.0,3460.0,0.49190283400809715
CT,06481,630.0,50.0,70.0,350.0,420.0,0.5555555555555556
CT,06482,5430.0,380.0,536.0,3020.0,3250.0,0.5561694290976059
CT,06483,8720.0,1090.0,1941.0,4380.0,6380.0,0.5022935779816514
CT,06484,22200.0,2150.0,3432.0,12670.0,14740.0,0.5707207207207208
CT,06488,10170.0,680.0,891.0,5840.0,5970.0,0.5742379547689282
CT,06489,17100.0,1540.0,2425.0,9450.0,11700.0,0.5526315789473685
CT,06492,23320.0,2450.0,3875.0,12500.0,16570.0,0.5360205831903945
CT,06498,3670.0,390.0,532.0,2010.0,2300.0,0.547683923705722
CT,06510,1620.0,180.0,206.0,600.0,1080.0,0.37037037037037035
CT,06511,21670.0,6170.0,12154.0,8180.0,16910.0,0.3774803876326719
CT,06512,15570.0,2550.0,4533.0,8060.0,11770.0,0.5176621708413616
CT,06513,16740.0,5080.0,10554.0,7920.0,13950.0,0.4731182795698925
CT,06514,13520.0,2690.0,5036.0,6560.0,10300.0,0.48520710059171596
CT,06515,7430.0,1930.0,3968.0,3230.0,5640.0,0.4347240915208614
CT,06516,26510.0,5590.0,10614.0,13390.0,20940.0,0.5050924179554885
CT,06517,7650.0,1140.0,2035.0,3970.0,5170.0,0.5189542483660131
CT,06518,7680.0,740.0,1094.0,4180.0,5130.0,0.5442708333333334
CT,06519,6350.0,2420.0,5321.0,2950.0,5420.0,0.4645669291338583
CT,06524,2720.0,230.0,292.0,1600.0,1670.0,0.5882352941176471
CT,06525,4390.0,290.0,488.0,2860.0,2260.0,0.6514806378132119
CT,06604,11890.0,3570.0,7478.0,6670.0,9300.0,0.5609756097560976
CT,06605,10460.0,3270.0,6805.0,5720.0,8290.0,0.5468451242829828
CT,06606,22550.0,5450.0,10625.0,13200.0,17380.0,0.5853658536585366
CT,06607,3740.0,1530.0,3282.0,1930.0,3220.0,0.516042780748663
CT,06608,6160.0,2670.0,5858.0,3270.0,5300.0,0.5308441558441559
CT,06610,11170.0,3380.0,6649.0,6160.0,9170.0,0.5514771709937332
CT,06611,17930.0,1360.0,2169.0,10660.0,10540.0,0.5945343000557725
CT,06612,3620.0,210.0,299.0,2400.0,1730.0,0.6629834254143646
CT,06614,18080.0,2280.0,3707.0,10130.0,12670.0,0.5602876106194691
CT,06615,10030.0,2080.0,4021.0,5270.0,7610.0,0.5254237288135594
CT,06702,1100.0,630.0,1331.0,580.0,1000.0,0.5272727272727272
CT,06704,11920.0,4590.0,10550.0,5880.0,10120.0,0.49328859060402686
CT,06705,13130.0,4160.0,8841.0,6230.0,10970.0,0.4744859101294745
CT,06706,6650.0,2220.0,5072.0,3510.0,5520.0,0.5278195488721804
CT,06708,14670.0,3860.0,8034.0,7560.0,11770.0,0.5153374233128835
CT,06710,4300.0,1830.0,4221.0,2100.0,3720.0,0.4883720930232558
CT,06712,5040.0,450.0,634.0,2900.0,3450.0,0.5753968253968254
CT,06716,8380.0,970.0,1572.0,4400.0,6110.0,0.5250596658711217
CT,06750,670.0,90.0,151.0,380.0,430.0,0.5671641791044776
CT,06751,1770.0,190.0,296.0,1140.0,1130.0,0.6440677966101694
CT,06752,880.0,50.0,50.0,570.0,410.0,0.6477272727272727
CT,06754,790.0,90.0,150.0,490.0,470.0,0.620253164556962
CT,06755,560.0,40.0,66.0,300.0,370.0,0.5357142857142857
CT,06756,1520.0,120.0,151.0,980.0,900.0,0.6447368421052632
CT,06757,1100.0,110.0,144.0,700.0,610.0,0.6363636363636364
CT,06759,2910.0,240.0,322.0,1820.0,1650.0,0.6254295532646048
CT,06762,4070.0,290.0,418.0,2520.0,2440.0,0.6191646191646192
CT,06763,1060.0,90.0,130.0,640.0,640.0,0.6037735849056604
CT,06770,15950.0,2930.0,5454.0,7940.0,12400.0,0.49780564263322885
CT,06776,13630.0,1650.0,2613.0,7250.0,9330.0,0.5319148936170213
CT,06777,860.0,80.0,90.0,520.0,460.0,0.6046511627906976
CT,06778,660.0,60.0,84.0,350.0,450.0,0.5303030303030303
CT,06779,4130.0,610.0,1012.0,2150.0,3210.0,0.5205811138014528
CT,06782,1220.0,140.0,196.0,650.0,880.0,0.5327868852459017
CT,06783,1110.0,80.0,104.0,750.0,550.0,0.6756756756756757
CT,06784,1820.0,130.0,161.0,1200.0,1060.0,0.6593406593406593
CT,06785,300.0,30.0,48.0,200.0,160.0,0.6666666666666666
CT,06786,5030.0,730.0,1199.0,2420.0,3870.0,0.48111332007952284
CT,06787,4050.0,520.0,843.0,2100.0,3030.0,0.5185185185185185
CT,06790,18010.0,3650.0,6545.0,8660.0,13840.0,0.4808439755691283
CT,06791,2910.0,260.0,362.0,1650.0,1950.0,0.5670103092783505
CT,06793,520.0,30.0,49.0,350.0,240.0,0.6730769230769231
CT,06794,570.0,60.0,99.0,390.0,280.0,0.6842105263157895
CT,06795,7240.0,690.0,1113.0,4210.0,4850.0,0.5814917127071824
CT,06796,450.0,50.0,73.0,320.0,210.0,0.7111111111111111
CT,06798,5130.0,430.0,621.0,3050.0,3140.0,0.594541910331384
CT,06801,10290.0,1090.0,1855.0,5880.0,6620.0,0.5714285714285714
CT,06804,9040.0,760.0,1177.0,5190.0,5520.0,0.5741150442477876
CT,06807,3490.0,210.0,350.0,2530.0,1650.0,0.7249283667621776
CT,06810,26290.0,4740.0,9208.0,17470.0,17970.0,0.6645112209965767
CT,06811,15260.0,1910.0,3277.0,9330.0,10150.0,0.6114023591087812
CT,06812,6950.0,560.0,842.0,4350.0,4270.0,0.6258992805755396
CT,06820,9510.0,400.0,518.0,6880.0,3860.0,0.7234490010515248
CT,06824,15210.0,840.0,1212.0,9860.0,7450.0,0.6482577251808022
CT,06825,10050.0,1000.0,1733.0,6110.0,5820.0,0.6079601990049751
CT,06830,12130.0,1070.0,1895.0,8850.0,5700.0,0.72959604286892
CT,06831,7330.0,380.0,535.0,5560.0,3120.0,0.7585266030013642
CT,06840,9070.0,360.0,557.0,6750.0,3470.0,0.7442116868798236
CT,06850,11210.0,1410.0,2415.0,6400.0,7180.0,0.5709188224799286
CT,06851,14830.0,1750.0,2893.0,8660.0,9280.0,0.5839514497639919
CT,06853,1780.0,60.0,53.0,1370.0,670.0,0.7696629213483146
CT,06854,14860.0,2950.0,5746.0,8550.0,10480.0,0.5753701211305519
CT,06855,4470.0,570.0,953.0,2650.0,2770.0,0.5928411633109619
CT,06870,3330.0,100.0,119.0,2510.0,1380.0,0.7537537537537538
CT,06877,11630.0,600.0,821.0,7600.0,5580.0,0.6534823731728289
CT,06878,3790.0,180.0,269.0,2780.0,1610.0,0.7335092348284961
CT,06880,12840.0,610.0,786.0,9400.0,4930.0,0.7320872274143302
CT,06883,4460.0,190.0,247.0,3160.0,1780.0,0.7085201793721974
CT,06890,2230.0,90.0,116.0,1560.0,970.0,0.6995515695067265
CT,06896,4150.0,220.0,299.0,2650.0,1960.0,0.6385542168674698
CT,06897,8210.0,370.0,468.0,5350.0,3720.0,0.6516443361753959
CT,06901,5590.0,550.0,820.0,2870.0,3640.0,0.5134168157423972
CT,06902,34770.0,5780.0,11189.0,21720.0,23050.0,0.6246764452113891
CT,06903,7220.0,390.0,518.0,5110.0,3330.0,0.7077562326869806
CT,06905,11200.0,1100.0,1780.0,6940.0,6640.0,0.6196428571428572
CT,06906,5240.0,720.0,1302.0,3290.0,3360.0,0.6278625954198473
CT,06907,5030.0,600.0,985.0,3100.0,3200.0,0.6163021868787276
