state,zip_code,total_returns,eitc_returns,eitc_amount_thousands,paid_prep_returns,direct_deposit_returns,paid_preparer_share,median_household_income,poverty_rate_pct,lep_rate_pct,paid_prep_rate_pct,eitc_rate_pct,estimated_eitc_paid_returns,capital_leakage_dollars,eitc_rank,eitc_quartile
CT,06001,9330.0,510.0,654.0,5170.0,5070.0,0.5541264737406216,,,,55.41,5.47,282.60450160771705,70651.13,20.0,Q1 (Lowest EITC)
CT,06002,12320.0,1900.0,3110.0,6570.0,8730.0,0.5332792207792207,,,,53.33,15.42,1013.2305194805194,253307.63,202.0,Q4 (Highest EITC)
CT,06010,31320.0,5650.0,10390.0,14920.0,24480.0,0.4763729246487867,,,,47.64,18.04,2691.5070242656448,672876.76,216.0,Q4 (Highest EITC)
CT,06013,4890.0,320.0,420.0,2570.0,3090.0,0.5255623721881391,,,,52.56,6.54,168.17995910020448,42044.99,34.0,Q1 (Lowest EITC)
CT,06016,3310.0,430.0,684.0,1660.0,2370.0,0.5015105740181269,,,,50.15,12.99,215.64954682779458,53912.39,176.0,Q3 (Mid-High EITC)
CT,06018,1360.0,240.0,393.0,810.0,960.0,0.5955882352941176,,,,59.56,17.65,142.94117647058823,35735.29,213.0,Q4 (Highest EITC)
CT,06019,4930.0,400.0,583.0,2460.0,3030.0,0.4989858012170385,,,,49.9,8.11,199.59432048681543,49898.58,79.0,Q2 (Low-Mid EITC)
CT,06021,690.0,70.0,115.0,430.0,450.0,0.6231884057971014,,,,62.32,10.14,43.6231884057971,10905.8,131.0,Q2 (Low-Mid EITC)
CT,06023,760.0,50.0,82.0,440.0,500.0,0.5789473684210527,,,,57.89,6.58,28.947368421052634,7236.84,36.0,Q1 (Lowest EITC)
CT,06024,260.0,30.0,48.0,170.0,170.0,0.6538461538461539,,,,65.38,11.54,19.615384615384617,4903.85,153.0,Q3 (Mid-High EITC)
CT,06026,2660.0,210.0,315.0,1230.0,1780.0,0.462406015037594,,,,46.24,7.89,97.10526315789474,24276.32,71.0,Q2 (Low-Mid EITC)
CT,06027,760.0,70.0,104.0,370.0,530.0,0.4868421052631579,,,,48.68,9.21,34.07894736842105,8519.74,104.0,Q2 (Low-Mid EITC)
CT,06029,8490.0,670.0,967.0,4130.0,5750.0,0.486454652532391,,,,48.65,7.89,325.92461719670206,81481.15,70.0,Q2 (Low-Mid EITC)
CT,06031,580.0,80.0,116.0,360.0,340.0,0.6206896551724138,,,,62.07,13.79,49.6551724137931,12413.79,188.0,Q3 (Mid-High EITC)
CT,06032,9550.0,660.0,1006.0,5370.0,5550.0,0.562303664921466,,,,56.23,6.91,371.12041884816756,92780.1,41.0,Q1 (Lowest EITC)
CT,06033,14930.0,1070.0,1593.0,7660.0,8850.0,0.5130609511051574,,,,51.31,7.17,548.9752176825184,137243.8,53.0,Q1 (Lowest EITC)
CT,06035,3880.0,270.0,363.0,1830.0,2480.0,0.4716494845360824,,,,47.16,6.96,127.34536082474227,31836.34,43.0,Q1 (Lowest EITC)
CT,06037,10150.0,800.0,1145.0,5720.0,6870.0,0.5635467980295567,,,,56.35,7.88,450.8374384236453,112709.36,69.0,Q2 (Low-Mid EITC)
CT,06039,1110.0,100.0,150.0,740.0,590.0,0.6666666666666666,,,,66.67,9.01,66.66666666666666,16666.67,99.0,Q2 (Low-Mid EITC)
CT,06040,18080.0,3670.0,7201.0,8030.0,13920.0,0.4441371681415929,,,,44.41,20.3,1629.983407079646,407495.85,227.0,Q4 (Highest EITC)
CT,06042,12720.0,1950.0,3501.0,5610.0,9750.0,0.4410377358490566,,,,44.1,15.33,860.0235849056603,215005.9,200.0,Q4 (Highest EITC)
CT,06043,2560.0,200.0,301.0,1270.0,1630.0,0.49609375,,,,49.61,7.81,99.21875,24804.69,68.0,Q2 (Low-Mid EITC)
CT,06051,14190.0,5600.0,12245.0,5840.0,12350.0,0.4115574348132487,,,,41.16,39.46,2304.721634954193,576180.41,256.0,Q4 (Highest EITC)
CT,06052,4100.0,910.0,1807.0,1960.0,3210.0,0.4780487804878048,,,,47.8,22.2,435.0243902439024,108756.1,232.0,Q4 (Highest EITC)
CT,06053,16560.0,4270.0,8468.0,7420.0,13410.0,0.4480676328502415,,,,44.81,25.79,1913.2487922705313,478312.2,237.0,Q4 (Highest EITC)
CT,06057,3410.0,290.0,433.0,1820.0,2230.0,0.533724340175953,,,,53.37,8.5,154.7800586510264,38695.01,90.0,Q2 (Low-Mid EITC)
CT,06058,820.0,110.0,154.0,530.0,500.0,0.6463414634146342,,,,64.63,13.41,71.09756097560975,17774.39,179.0,Q3 (Mid-High EITC)
CT,06060,1270.0,70.0,83.0,640.0,720.0,0.5039370078740157,,,,50.39,5.51,35.275590551181104,8818.9,21.0,Q1 (Lowest EITC)
CT,06062,9660.0,1270.0,2058.0,4810.0,7360.0,0.4979296066252588,,,,49.79,13.15,632.3706004140786,158092.65,177.0,Q3 (Mid-High EITC)
CT,06063,1710.0,150.0,210.0,860.0,1140.0,0.5029239766081871,,,,50.29,8.77,75.43859649122807,18859.65,93.0,Q2 (Low-Mid EITC)
CT,06065,380.0,30.0,36.0,220.0,250.0,0.5789473684210527,,,,57.89,7.89,17.36842105263158,4342.11,72.0,Q2 (Low-Mid EITC)
CT,06066,16070.0,2490.0,4494.0,6710.0,12090.0,0.417548226509023,,,,41.75,15.49,1039.6950840074671,259923.77,203.0,Q4 (Highest EITC)
CT,06067,10610.0,890.0,1352.0,5600.0,7030.0,0.527803958529689,,,,52.78,8.39,469.7455230914232,117436.38,84.0,Q2 (Low-Mid EITC)
CT,06068,750.0,60.0,109.0,510.0,360.0,0.68,,,,68.0,8.0,40.800000000000004,10200.0,76.0,Q2 (Low-Mid EITC)
CT,06069,1150.0,120.0,168.0,780.0,570.0,0.6782608695652174,,,,67.83,10.43,81.39130434782608,20347.83,133.0,Q3 (Mid-High EITC)
CT,06070,7780.0,470.0,655.0,3930.0,4440.0,0.5051413881748072,,,,50.51,6.04,237.4164524421594,59354.11,29.0,Q1 (Lowest EITC)
CT,06071,4650.0,350.0,492.0,2650.0,3070.0,0.5698924731182796,,,,56.99,7.53,199.46236559139786,49865.59,61.0,Q1 (Lowest EITC)
CT,06073,2930.0,150.0,192.0,1730.0,1540.0,0.590443686006826,,,,59.04,5.12,88.5665529010239,22141.64,12.0,Q1 (Lowest EITC)
CT,06074,13300.0,1010.0,1537.0,6880.0,8600.0,0.5172932330827068,,,,51.73,7.59,522.4661654135339,130616.54,63.0,Q1 (Lowest EITC)
CT,06076,5980.0,760.0,1278.0,2950.0,4480.0,0.4933110367892976,,,,49.33,12.71,374.9163879598662,93729.1,171.0,Q3 (Mid-High EITC)
CT,06078,5390.0,380.0,590.0,2960.0,3460.0,0.549165120593692,,,,54.92,7.05,208.68274582560298,52170.69,46.0,Q1 (Lowest EITC)
CT,06081,740.0,100.0,172.0,300.0,530.0,0.4054054054054054,,,,40.54,13.51,40.54054054054054,10135.14,184.0,Q3 (Mid-High EITC)
CT,06082,21180.0,2860.0,5022.0,9920.0,16050.0,0.4683663833805477,,,,46.84,13.5,1339.5278564683665,334881.96,183.0,Q3 (Mid-High EITC)
CT,06084,7270.0,500.0,766.0,3370.0,4830.0,0.4635488308115543,,,,46.35,6.88,231.77441540577718,57943.6,40.0,Q1 (Lowest EITC)
CT,06085,3610.0,290.0,421.0,1800.0,2300.0,0.4986149584487535,,,,49.86,8.03,144.5983379501385,36149.58,77.0,Q2 (Low-Mid EITC)
CT,06088,2700.0,380.0,557.0,1340.0,2050.0,0.4962962962962963,,,,49.63,14.07,188.59259259259258,47148.15,189.0,Q3 (Mid-High EITC)
CT,06089,2130.0,140.0,215.0,1010.0,1260.0,0.4741784037558685,,,,47.42,6.57,66.3849765258216,16596.24,35.0,Q1 (Lowest EITC)
CT,06090,550.0,30.0,42.0,290.0,320.0,0.5272727272727272,,,,52.73,5.45,15.818181818181817,3954.55,19.0,Q1 (Lowest EITC)
CT,06092,1970.0,110.0,125.0,1030.0,1050.0,0.5228426395939086,,,,52.28,5.58,57.51269035532995,14378.17,23.0,Q1 (Lowest EITC)
CT,06093,1860.0,130.0,187.0,1070.0,1210.0,0.5752688172043011,,,,57.53,6.99,74.78494623655915,18696.24,44.0,Q1 (Lowest EITC)
CT,06095,16380.0,2340.0,3895.0,8160.0,12070.0,0.4981684981684982,,,,49.82,14.29,1165.7142857142858,291428.57,191.0,Q3 (Mid-High EITC)
CT,06096,7040.0,1010.0,1763.0,3290.0,5340.0,0.4673295454545454,,,,46.73,14.35,472.00284090909093,118000.71,193.0,Q3 (Mid-High EITC)
CT,06098,5170.0,970.0,1689.0,2440.0,3910.0,0.471953578336557,,,,47.2,18.76,457.7949709864603,114448.74,222.0,Q4 (Highest EITC)
CT,06103,1670.0,230.0,273.0,670.0,1230.0,0.4011976047904191,,,,40.12,13.77,92.27544910179641,23068.86,186.0,Q3 (Mid-High EITC)
CT,06105,8190.0,2620.0,5017.0,3680.0,6510.0,0.4493284493284493,,,,44.93,31.99,1177.2405372405374,294310.13,248.0,Q4 (Highest EITC)
CT,06106,15480.0,5820.0,12505.0,7200.0,13180.0,0.4651162790697674,,,,46.51,37.6,2706.9767441860463,676744.19,252.0,Q4 (Highest EITC)
CT,06107,9640.0,420.0,540.0,5340.0,5310.0,0.553941908713693,,,,55.39,4.36,232.65560165975106,58163.9,8.0,Q1 (Lowest EITC)
CT,06108,12150.0,3480.0,7006.0,6090.0,10120.0,0.5012345679012346,,,,50.12,28.64,1744.2962962962963,436074.07,241.0,Q4 (Highest EITC)
CT,06109,14560.0,1440.0,2348.0,7760.0,9880.0,0.532967032967033,,,,53.3,9.89,767.4725274725274,191868.13,125.0,Q2 (Low-Mid EITC)
CT,06110,6660.0,1150.0,2093.0,3470.0,4880.0,0.521021021021021,,,,52.1,17.27,599.1741741741741,149793.54,211.0,Q4 (Highest EITC)
CT,06111,16510.0,1720.0,2778.0,8450.0,11690.0,0.5118110236220472,,,,51.18,10.42,880.3149606299212,220078.74,132.0,Q3 (Mid-High EITC)
CT,06112,9950.0,3980.0,8672.0,4910.0,8750.0,0.4934673366834171,,,,49.35,40.0,1964.0,491000.0,257.0,Q4 (Highest EITC)
CT,06114,11760.0,4540.0,9708.0,6110.0,10100.0,0.5195578231292517,,,,51.96,38.61,2358.792517006803,589698.13,255.0,Q4 (Highest EITC)
CT,06117,7410.0,400.0,551.0,4450.0,3930.0,0.6005398110661269,,,,60.05,5.4,240.21592442645075,60053.98,17.0,Q1 (Lowest EITC)
CT,06118,14430.0,3200.0,6180.0,6800.0,11650.0,0.4712404712404712,,,,47.12,22.18,1507.969507969508,376992.38,231.0,Q4 (Highest EITC)
CT,06119,7440.0,930.0,1605.0,3500.0,4900.0,0.4704301075268817,,,,47.04,12.5,437.5,109375.0,163.0,Q3 (Mid-High EITC)
CT,06120,4850.0,2560.0,6325.0,2210.0,4410.0,0.4556701030927835,,,,45.57,52.78,1166.5154639175257,291628.87,261.0,Q4 (Highest EITC)
CT,06226,7540.0,2500.0,5242.0,2680.0,6410.0,0.3554376657824933,,,,35.54,33.16,888.5941644562332,222148.54,249.0,Q4 (Highest EITC)
CT,06231,1970.0,150.0,217.0,950.0,1300.0,0.482233502538071,,,,48.22,7.61,72.33502538071066,18083.76,64.0,Q1 (Lowest EITC)
CT,06232,1720.0,150.0,199.0,800.0,1180.0,0.4651162790697674,,,,46.51,8.72,69.76744186046511,17441.86,92.0,Q2 (Low-Mid EITC)
CT,06234,3990.0,580.0,1007.0,2020.0,2960.0,0.506265664160401,,,,50.63,14.54,293.63408521303256,73408.52,195.0,Q3 (Mid-High EITC)
CT,06235,1110.0,190.0,313.0,540.0,800.0,0.4864864864864865,,,,48.65,17.12,92.43243243243244,23108.11,209.0,Q4 (Highest EITC)
CT,06237,2840.0,240.0,358.0,1490.0,1920.0,0.5246478873239436,,,,52.46,8.45,125.91549295774647,31478.87,87.0,Q2 (Low-Mid EITC)
CT,06238,6370.0,670.0,1025.0,2970.0,4440.0,0.4662480376766091,,,,46.62,10.52,312.38618524332804,78096.55,136.0,Q3 (Mid-High EITC)
CT,06239,5300.0,990.0,1840.0,2490.0,4230.0,0.469811320754717,,,,46.98,18.68,465.1132075471698,116278.3,221.0,Q4 (Highest EITC)
CT,06241,3330.0,520.0,1001.0,1740.0,2560.0,0.5225225225225225,,,,52.25,15.62,271.7117117117117,67927.93,204.0,Q4 (Highest EITC)
CT,06242,720.0,80.0,95.0,450.0,490.0,0.625,,,,62.5,11.11,50.0,12500.0,145.0,Q3 (Mid-High EITC)
CT,06243,140.0,20.0,26.0,70.0,100.0,0.5,,,,50.0,14.29,10.0,2500.0,192.0,Q3 (Mid-High EITC)
CT,06247,1250.0,140.0,208.0,630.0,890.0,0.504,,,,50.4,11.2,70.56,17640.0,149.0,Q3 (Mid-High EITC)
CT,06248,2880.0,210.0,308.0,1410.0,1880.0,0.4895833333333333,,,,48.96,7.29,102.81249999999999,25703.12,58.0,Q1 (Lowest EITC)
CT,06249,3700.0,360.0,565.0,1810.0,2680.0,0.4891891891891892,,,,48.92,9.73,176.1081081081081,44027.03,121.0,Q2 (Low-Mid EITC)
CT,06250,2380.0,320.0,530.0,1130.0,1660.0,0.4747899159663865,,,,47.48,13.45,151.93277310924367,37983.19,181.0,Q3 (Mid-High EITC)
CT,06254,1000.0,120.0,188.0,510.0,720.0,0.51,,,,51.0,12.0,61.2,15300.0,158.0,Q3 (Mid-High EITC)
CT,06255,2250.0,310.0,516.0,1260.0,1750.0,0.56,,,,56.0,13.78,173.60000000000002,43400.0,187.0,Q3 (Mid-High EITC)
CT,06256,1160.0,190.0,327.0,550.0,920.0,0.4741379310344827,,,,47.41,16.38,90.08620689655173,22521.55,207.0,Q4 (Highest EITC)
CT,06259,1880.0,180.0,277.0,1110.0,1210.0,0.5904255319148937,,,,59.04,9.57,106.27659574468086,26569.15,115.0,Q2 (Low-Mid EITC)
CT,06260,4600.0,850.0,1499.0,2360.0,3610.0,0.5130434782608696,,,,51.3,18.48,436.0869565217392,109021.74,220.0,Q4 (Highest EITC)
CT,06262,320.0,40.0,47.0,190.0,240.0,0.59375,,,,59.38,12.5,23.75,5937.5,164.0,Q3 (Mid-High EITC)
CT,06264,240.0,20.0,39.0,130.0,180.0,0.5416666666666666,,,,54.17,8.33,10.833333333333332,2708.33,82.0,Q2 (Low-Mid EITC)
CT,06266,290.0,50.0,76.0,150.0,240.0,0.5172413793103449,,,,51.72,17.24,25.862068965517242,6465.52,210.0,Q4 (Highest EITC)
CT,06268,3140.0,330.0,540.0,1480.0,2020.0,0.4713375796178344,,,,47.13,10.51,155.54140127388536,38885.35,135.0,Q3 (Mid-High EITC)
CT,06277,2110.0,200.0,304.0,1290.0,1550.0,0.6113744075829384,,,,61.14,9.48,122.27488151658767,30568.72,111.0,Q2 (Low-Mid EITC)
CT,06278,2230.0,280.0,447.0,1020.0,1600.0,0.4573991031390134,,,,45.74,12.56,128.07174887892378,32017.94,168.0,Q3 (Mid-High EITC)
CT,06279,2780.0,370.0,574.0,1280.0,2010.0,0.460431654676259,,,,46.04,13.31,170.35971223021585,42589.93,178.0,Q3 (Mid-High EITC)
CT,06280,1630.0,220.0,400.0,750.0,1230.0,0.4601226993865031,,,,46.01,13.5,101.22699386503068,25306.75,182.0,Q3 (Mid-High EITC)
CT,06281,3510.0,320.0,477.0,2120.0,2390.0,0.603988603988604,,,,60.4,9.12,193.2763532763533,48319.09,102.0,Q2 (Low-Mid EITC)
CT,06282,630.0,60.0,91.0,340.0,440.0,0.5396825396825397,,,,53.97,9.52,32.38095238095238,8095.24,113.0,Q2 (Low-Mid EITC)
CT,06320,12740.0,3790.0,7304.0,5850.0,10340.0,0.4591836734693877,,,,45.92,29.75,1740.3061224489797,435076.53,242.0,Q4 (Highest EITC)
CT,06330,1430.0,250.0,492.0,570.0,1080.0,0.3986013986013986,,,,39.86,17.48,99.65034965034965,24912.59,212.0,Q4 (Highest EITC)
CT,06331,2620.0,340.0,506.0,1280.0,1960.0,0.4885496183206106,,,,48.85,12.98,166.10687022900763,41526.72,175.0,Q3 (Mid-High EITC)
CT,06333,3770.0,270.0,419.0,1900.0,2310.0,0.5039787798408488,,,,50.4,7.16,136.0742705570292,34018.57,51.0,Q1 (Lowest EITC)
CT,06334,1360.0,170.0,249.0,680.0,990.0,0.5,,,,50.0,12.5,85.0,21250.0,165.0,Q3 (Mid-High EITC)
CT,06335,3380.0,390.0,613.0,1360.0,2430.0,0.4023668639053254,,,,40.24,11.54,156.92307692307693,39230.77,154.0,Q3 (Mid-High EITC)
CT,06339,4180.0,520.0,872.0,1870.0,3080.0,0.4473684210526316,,,,44.74,12.44,232.6315789473684,58157.89,162.0,Q3 (Mid-High EITC)
CT,06340,14010.0,2540.0,4581.0,5970.0,10740.0,0.4261241970021413,,,,42.61,18.13,1082.355460385439,270588.87,217.0,Q4 (Highest EITC)
CT,06351,8140.0,1250.0,2265.0,3680.0,6250.0,0.4520884520884521,,,,45.21,15.36,565.1105651105652,141277.64,201.0,Q4 (Highest EITC)
CT,06353,170.0,30.0,56.0,80.0,130.0,0.4705882352941176,,,,47.06,17.65,14.117647058823527,3529.41,214.0,Q4 (Highest EITC)
CT,06354,2770.0,510.0,954.0,1290.0,2230.0,0.4657039711191336,,,,46.57,18.41,237.50902527075812,59377.26,219.0,Q4 (Highest EITC)
CT,06355,6920.0,530.0,773.0,3820.0,4170.0,0.5520231213872833,,,,55.2,7.66,292.57225433526014,73143.06,66.0,Q1 (Lowest EITC)
CT,06357,6010.0,570.0,893.0,3110.0,3830.0,0.5174708818635607,,,,51.75,9.48,294.9584026622296,73739.6,112.0,Q2 (Low-Mid EITC)
CT,06359,2640.0,250.0,377.0,1450.0,1780.0,0.5492424242424242,,,,54.92,9.47,137.31060606060606,34327.65,110.0,Q2 (Low-Mid EITC)
CT,06360,18340.0,4550.0,8699.0,8410.0,14730.0,0.4585605234460196,,,,45.86,24.81,2086.450381679389,521612.6,236.0,Q4 (Highest EITC)
CT,06365,2410.0,260.0,383.0,1180.0,1770.0,0.4896265560165975,,,,48.96,10.79,127.30290456431534,31825.73,143.0,Q3 (Mid-High EITC)
CT,06370,3670.0,410.0,722.0,1530.0,2720.0,0.4168937329700272,,,,41.69,11.17,170.92643051771117,42731.61,148.0,Q3 (Mid-High EITC)
CT,06371,5210.0,380.0,531.0,3100.0,2870.0,0.5950095969289827,,,,59.5,7.29,226.1036468330134,56525.91,59.0,Q1 (Lowest EITC)
CT,06374,3850.0,580.0,991.0,1720.0,3100.0,0.4467532467532467,,,,44.68,15.06,259.1168831168831,64779.22,198.0,Q4 (Highest EITC)
CT,06375,2060.0,250.0,430.0,960.0,1460.0,0.4660194174757281,,,,46.6,12.14,116.50485436893204,29126.21,160.0,Q3 (Mid-High EITC)
CT,06377,1350.0,190.0,353.0,700.0,1050.0,0.5185185185185185,,,,51.85,14.07,98.51851851851852,24629.63,190.0,Q3 (Mid-High EITC)
CT,06378,2960.0,210.0,267.0,1850.0,1630.0,0.625,,,,62.5,7.09,131.25,32812.5,47.0,Q1 (Lowest EITC)
CT,06379,4710.0,610.0,964.0,2510.0,3300.0,0.5329087048832272,,,,53.29,12.95,325.07430997876855,81268.58,174.0,Q3 (Mid-High EITC)
CT,06380,1530.0,520.0,1101.0,620.0,1320.0,0.4052287581699346,,,,40.52,33.99,210.718954248366,52679.74,251.0,Q4 (Highest EITC)
CT,06382,5230.0,820.0,1397.0,2340.0,4040.0,0.4474187380497132,,,,44.74,15.68,366.88336520076484,91720.84,205.0,Q4 (Highest EITC)
CT,06384,1390.0,170.0,282.0,750.0,1040.0,0.539568345323741,,,,53.96,12.23,91.72661870503596,22931.65,161.0,Q3 (Mid-High EITC)
CT,06385,8680.0,850.0,1277.0,4460.0,5870.0,0.5138248847926268,,,,51.38,9.79,436.7511520737328,109187.79,122.0,Q2 (Low-Mid EITC)
CT,06389,110.0,0.0,0.0,40.0,80.0,0.3636363636363636,,,,36.36,0.0,0.0,0.0,1.0,Q1 (Lowest EITC)
CT,06401,9850.0,2340.0,4473.0,4640.0,7930.0,0.4710659898477157,,,,47.11,23.76,1102.294416243655,275573.6,233.0,Q4 (Highest EITC)
CT,06403,3330.0,320.0,461.0,1690.0,2340.0,0.5075075075075075,,,,50.75,9.61,162.4024024024024,40600.6,116.0,Q2 (Low-Mid EITC)
CT,06405,15760.0,1590.0,2215.0,9220.0,10320.0,0.5850253807106599,,,,58.5,10.09,930.1903553299493,232547.59,130.0,Q2 (Low-Mid EITC)
CT,06409,380.0,40.0,69.0,200.0,240.0,0.5263157894736842,,,,52.63,10.53,21.052631578947366,5263.16,137.0,Q3 (Mid-High EITC)
CT,06410,13680.0,980.0,1400.0,7800.0,8430.0,0.5701754385964912,,,,57.02,7.16,558.7719298245614,139692.98,52.0,Q1 (Lowest EITC)
CT,06412,2040.0,190.0,245.0,1120.0,1260.0,0.5490196078431373,,,,54.9,9.31,104.31372549019609,26078.43,107.0,Q2 (Low-Mid EITC)
CT,06413,7030.0,780.0,1118.0,3710.0,4760.0,0.5277382645803699,,,,52.77,11.1,411.6358463726885,102908.96,144.0,Q3 (Mid-High EITC)
CT,06415,8480.0,850.0,1354.0,3950.0,6040.0,0.4658018867924528,,,,46.58,10.02,395.9316037735849,98982.9,129.0,Q2 (Low-Mid EITC)
CT,06416,7870.0,730.0,1080.0,3920.0,5380.0,0.4980940279542566,,,,49.81,9.28,363.6086404066074,90902.16,105.0,Q2 (Low-Mid EITC)
CT,06417,2370.0,250.0,375.0,1280.0,1550.0,0.540084388185654,,,,54.01,10.55,135.0210970464135,33755.27,139.0,Q3 (Mid-High EITC)
CT,06418,6570.0,1250.0,2410.0,3140.0,5080.0,0.4779299847792998,,,,47.79,19.03,597.4124809741248,149353.12,223.0,Q4 (Highest EITC)
CT,06419,3280.0,210.0,241.0,1840.0,2020.0,0.5609756097560976,,,,56.1,6.4,117.8048780487805,29451.22,30.0,Q1 (Lowest EITC)
CT,06420,2160.0,190.0,292.0,990.0,1460.0,0.4583333333333333,,,,45.83,8.8,87.08333333333331,21770.83,94.0,Q2 (Low-Mid EITC)
CT,06422,3750.0,260.0,366.0,2120.0,2430.0,0.5653333333333334,,,,56.53,6.93,146.98666666666668,36746.67,42.0,Q1 (Lowest EITC)
CT,06423,2630.0,210.0,321.0,1420.0,1720.0,0.5399239543726235,,,,53.99,7.98,113.38403041825094,28346.01,75.0,Q2 (Low-Mid EITC)
CT,06424,6550.0,570.0,864.0,3190.0,4490.0,0.4870229007633588,,,,48.7,8.7,277.60305343511453,69400.76,91.0,Q2 (Low-Mid EITC)
CT,06426,1910.0,100.0,110.0,1320.0,890.0,0.6910994764397905,,,,69.11,5.24,69.10994764397905,17277.49,15.0,Q1 (Lowest EITC)
CT,06437,11100.0,720.0,953.0,6760.0,6280.0,0.609009009009009,,,,60.9,6.49,438.48648648648646,109621.62,33.0,Q1 (Lowest EITC)
CT,06438,1370.0,100.0,138.0,730.0,880.0,0.5328467153284672,,,,53.28,7.3,53.284671532846716,13321.17,60.0,Q1 (Lowest EITC)
CT,06441,2820.0,220.0,345.0,1560.0,1860.0,0.5531914893617021,,,,55.32,7.8,121.70212765957447,30425.53,67.0,Q2 (Low-Mid EITC)
CT,06442,1430.0,130.0,201.0,730.0,880.0,0.5104895104895105,,,,51.05,9.09,66.36363636363637,16590.91,100.0,Q2 (Low-Mid EITC)
CT,06443,9100.0,510.0,623.0,5460.0,4920.0,0.6,,,,60.0,5.6,306.0,76500.0,24.0,Q1 (Lowest EITC)
CT,06447,3110.0,200.0,276.0,1570.0,2000.0,0.5048231511254019,,,,50.48,6.43,100.96463022508037,25241.16,31.0,Q1 (Lowest EITC)
CT,06450,18170.0,3890.0,7882.0,8820.0,14550.0,0.4854155200880572,,,,48.54,21.41,1888.2663731425425,472066.59,230.0,Q4 (Highest EITC)
CT,06451,12370.0,3010.0,6153.0,5790.0,10040.0,0.4680679062247372,,,,46.81,24.33,1408.884397736459,352221.1,235.0,Q4 (Highest EITC)
CT,06455,1670.0,120.0,163.0,940.0,1080.0,0.562874251497006,,,,56.29,7.19,67.54491017964072,16886.23,54.0,Q1 (Lowest EITC)
CT,06457,23270.0,3560.0,6234.0,10470.0,17380.0,0.4499355393210141,,,,44.99,15.3,1601.7705199828104,400442.63,199.0,Q4 (Highest EITC)
CT,06460,20600.0,1990.0,3049.0,11470.0,13900.0,0.5567961165048544,,,,55.68,9.66,1108.0242718446602,277006.07,118.0,Q2 (Low-Mid EITC)
CT,06461,8080.0,670.0,980.0,4590.0,5370.0,0.568069306930693,,,,56.81,8.29,380.60643564356434,95151.61,81.0,Q2 (Low-Mid EITC)
CT,06468,9450.0,720.0,1111.0,5330.0,5840.0,0.564021164021164,,,,56.4,7.62,406.0952380952381,101523.81,65.0,Q1 (Lowest EITC)
CT,06469,1680.0,190.0,294.0,780.0,1190.0,0.4642857142857143,,,,46.43,11.31,88.21428571428572,22053.57,150.0,Q3 (Mid-High EITC)
CT,06470,8030.0,520.0,728.0,4650.0,4530.0,0.5790784557907845,,,,57.91,6.48,301.12079701120797,75280.2,32.0,Q1 (Lowest EITC)
CT,06471,3910.0,360.0,498.0,2180.0,2650.0,0.5575447570332481,,,,55.75,9.21,200.71611253196932,50179.03,103.0,Q2 (Low-Mid EITC)
CT,06472,3440.0,290.0,391.0,2000.0,2390.0,0.5813953488372093,,,,58.14,8.43,168.6046511627907,42151.16,86.0,Q2 (Low-Mid EITC)
CT,06473,13190.0,1230.0,1829.0,7790.0,8900.0,0.5905989385898408,,,,59.06,9.33,726.4366944655042,181609.17,109.0,Q2 (Low-Mid EITC)
CT,06475,5960.0,430.0,627.0,3580.0,3460.0,0.6006711409395973,,,,60.07,7.21,258.2885906040268,64572.15,56.0,Q1 (Lowest EITC)
CT,06477,7280.0,480.0,724.0,4650.0,4240.0,0.6387362637362637,,,,63.87,6.59,306.5934065934066,76648.35,37.0,Q1 (Lowest EITC)
CT,06478,6790.0,490.0,691.0,3830.0,4430.0,0.5640648011782032,,,,56.41,7.22,276.3917525773196,69097.94,57.0,Q1 (Lowest EITC)
CT,06479,5260.0,490.0,706.0,2840.0,3670.0,0.5399239543726235,,,,53.99,9.32,264.56273764258555,66140.68,108.0,Q2 (Low-Mid EITC)
CT,06480,4940.0,480.0,731.0,2430.0,3460.0,0.4919028340080971,,,,49.19,9.72,236.1133603238866,59028.34,120.0,Q2 (Low-Mid EITC)
CT,06481,630.0,50.0,70.0,350.0,420.0,0.5555555555555556,,,,55.56,7.94,27.77777777777778,6944.44,74.0,Q2 (Low-Mid EITC)
CT,06482,5430.0,380.0,536.0,3020.0,3250.0,0.5561694290976059,,,,55.62,7.0,211.34438305709025,52836.1,45.0,Q1 (Lowest EITC)
CT,06483,8720.0,1090.0,1941.0,4380.0,6380.0,0.5022935779816514,,,,50.23,12.5,547.5,136875.0,166.0,Q3 (Mid-High EITC)
CT,06484,22200.0,2150.0,3432.0,12670.0,14740.0,0.5707207207207208,,,,57.07,9.68,1227.0495495495497,306762.39,119.0,Q2 (Low-Mid EITC)
CT,06488,10170.0,680.0,891.0,5840.0,5970.0,0.5742379547689282,,,,57.42,6.69,390.48180924287124,97620.45,39.0,Q1 (Lowest EITC)
CT,06489,17100.0,1540.0,2425.0,9450.0,11700.0,0.5526315789473685,,,,55.26,9.01,851.0526315789474,212763.16,98.0,Q2 (Low-Mid EITC)
CT,06492,23320.0,2450.0,3875.0,12500.0,16570.0,0.5360205831903945,,,,53.6,10.51,1313.2504288164664,328312.61,134.0,Q3 (Mid-High EITC)
CT,06498,3670.0,390.0,532.0,2010.0,2300.0,0.547683923705722,,,,54.77,10.63,213.5967302452316,53399.18,141.0,Q3 (Mid-High EITC)
CT,06510,1620.0,180.0,206.0,600.0,1080.0,0.3703703703703703,,,,37.04,11.11,66.66666666666667,16666.67,146.0,Q3 (Mid-High EITC)
CT,06511,21670.0,6170.0,12154.0,8180.0,16910.0,0.3774803876326719,,,,37.75,28.47,2329.0539916935854,582263.5,240.0,Q4 (Highest EITC)
CT,06512,15570.0,2550.0,4533.0,8060.0,11770.0,0.5176621708413616,,,,51.77,16.38,1320.038535645472,330009.63,206.0,Q4 (Highest EITC)
CT,06513,16740.0,5080.0,10554.0,7920.0,13950.0,0.4731182795698925,,,,47.31,30.35,2403.440860215054,600860.22,245.0,Q4 (Highest EITC)
CT,06514,13520.0,2690.0,5036.0,6560.0,10300.0,0.4852071005917159,,,,48.52,19.9,1305.207100591716,326301.78,225.0,Q4 (Highest EITC)
CT,06515,7430.0,1930.0,3968.0,3230.0,5640.0,0.4347240915208614,,,,43.47,25.98,839.0174966352624,209754.37,238.0,Q4 (Highest EITC)
CT,06516,26510.0,5590.0,10614.0,13390.0,20940.0,0.5050924179554885,,,,50.51,21.09,2823.466616371181,705866.65,229.0,Q4 (Highest EITC)
CT,06517,7650.0,1140.0,2035.0,3970.0,5170.0,0.5189542483660131,,,,51.9,14.9,591.6078431372549,147901.96,197.0,Q4 (Highest EITC)
CT,06518,7680.0,740.0,1094.0,4180.0,5130.0,0.5442708333333334,,,,54.43,9.64,402.7604166666667,100690.1,117.0,Q2 (Low-Mid EITC)
CT,06519,6350.0,2420.0,5321.0,2950.0,5420.0,0.4645669291338583,,,,46.46,38.11,1124.251968503937,281062.99,253.0,Q4 (Highest EITC)
CT,06524,2720.0,230.0,292.0,1600.0,1670.0,0.5882352941176471,,,,58.82,8.46,135.29411764705884,33823.53,88.0,Q2 (Low-Mid EITC)
CT,06525,4390.0,290.0,488.0,2860.0,2260.0,0.6514806378132119,,,,65.15,6.61,188.92938496583145,47232.35,38.0,Q1 (Lowest EITC)
CT,06604,11890.0,3570.0,7478.0,6670.0,9300.0,0.5609756097560976,,,,56.1,30.03,2002.6829268292686,500670.73,243.0,Q4 (Highest EITC)
CT,06605,10460.0,3270.0,6805.0,5720.0,8290.0,0.5468451242829828,,,,54.68,31.26,1788.1835564053538,447045.89,246.0,Q4 (Highest EITC)
CT,06606,22550.0,5450.0,10625.0,13200.0,17380.0,0.5853658536585366,,,,58.54,24.17,3190.243902439024,797560.98,234.0,Q4 (Highest EITC)
CT,06607,3740.0,1530.0,3282.0,1930.0,3220.0,0.516042780748663,,,,51.6,40.91,789.5454545454545,197386.36,258.0,Q4 (Highest EITC)
CT,06608,6160.0,2670.0,5858.0,3270.0,5300.0,0.5308441558441559,,,,53.08,43.34,1417.3538961038962,354338.47,260.0,Q4 (Highest EITC)
CT,06610,11170.0,3380.0,6649.0,6160.0,9170.0,0.5514771709937332,,,,55.15,30.26,1863.9928379588182,465998.21,244.0,Q4 (Highest EITC)
CT,06611,17930.0,1360.0,2169.0,10660.0,10540.0,0.5945343000557725,,,,59.45,7.59,808.5666480758506,202141.66,62.0,Q1 (Lowest EITC)
CT,06612,3620.0,210.0,299.0,2400.0,1730.0,0.6629834254143646,,,,66.3,5.8,139.22651933701655,34806.63,27.0,Q1 (Lowest EITC)
CT,06614,18080.0,2280.0,3707.0,10130.0,12670.0,0.5602876106194691,,,,56.03,12.61,1277.4557522123896,319363.94,170.0,Q3 (Mid-High EITC)
CT,06615,10030.0,2080.0,4021.0,5270.0,7610.0,0.5254237288135594,,,,52.54,20.74,1092.8813559322034,273220.34,228.0,Q4 (Highest EITC)
CT,06702,1100.0,630.0,1331.0,580.0,1000.0,0.5272727272727272,,,,52.73,57.27,332.18181818181813,83045.45,262.0,Q4 (Highest EITC)
CT,06704,11920.0,4590.0,10550.0,5880.0,10120.0,0.4932885906040268,,,,49.33,38.51,2264.1946308724832,566048.66,254.0,Q4 (Highest EITC)
CT,06705,13130.0,4160.0,8841.0,6230.0,10970.0,0.4744859101294745,,,,47.45,31.68,1973.8613861386136,493465.35,247.0,Q4 (Highest EITC)
CT,06706,6650.0,2220.0,5072.0,3510.0,5520.0,0.5278195488721804,,,,52.78,33.38,1171.7593984962405,292939.85,250.0,Q4 (Highest EITC)
CT,06708,14670.0,3860.0,8034.0,7560.0,11770.0,0.5153374233128835,,,,51.53,26.31,1989.2024539877302,497300.61,239.0,Q4 (Highest EITC)
CT,06710,4300.0,1830.0,4221.0,2100.0,3720.0,0.4883720930232558,,,,48.84,42.56,893.720930232558,223430.23,259.0,Q4 (Highest EITC)
CT,06712,5040.0,450.0,634.0,2900.0,3450.0,0.5753968253968254,,,,57.54,8.93,258.9285714285714,64732.14,96.0,Q2 (Low-Mid EITC)
CT,06716,8380.0,970.0,1572.0,4400.0,6110.0,0.5250596658711217,,,,52.51,11.58,509.3078758949881,127326.97,155.0,Q3 (Mid-High EITC)
CT,06750,670.0,90.0,151.0,380.0,430.0,0.5671641791044776,,,,56.72,13.43,51.04477611940298,12761.19,180.0,Q3 (Mid-High EITC)
CT,06751,1770.0,190.0,296.0,1140.0,1130.0,0.6440677966101694,,,,64.41,10.73,122.3728813559322,30593.22,142.0,Q3 (Mid-High EITC)
CT,06752,880.0,50.0,50.0,570.0,410.0,0.6477272727272727,,,,64.77,5.68,32.38636363636363,8096.59,25.0,Q1 (Lowest EITC)
CT,06754,790.0,90.0,150.0,490.0,470.0,0.620253164556962,,,,62.03,11.39,55.82278481012658,13955.7,151.0,Q3 (Mid-High EITC)
CT,06755,560.0,40.0,66.0,300.0,370.0,0.5357142857142857,,,,53.57,7.14,21.428571428571427,5357.14,49.0,Q1 (Lowest EITC)
CT,06756,1520.0,120.0,151.0,980.0,900.0,0.6447368421052632,,,,64.47,7.89,77.36842105263158,19342.11,73.0,Q2 (Low-Mid EITC)
CT,06757,1100.0,110.0,144.0,700.0,610.0,0.6363636363636364,,,,63.64,10.0,70.0,17500.0,127.0,Q2 (Low-Mid EITC)
CT,06759,2910.0,240.0,322.0,1820.0,1650.0,0.6254295532646048,,,,62.54,8.25,150.10309278350516,37525.77,80.0,Q2 (Low-Mid EITC)
CT,06762,4070.0,290.0,418.0,2520.0,2440.0,0.6191646191646192,,,,61.92,7.13,179.55773955773955,44889.43,48.0,Q1 (Lowest EITC)
CT,06763,1060.0,90.0,130.0,640.0,640.0,0.6037735849056604,,,,60.38,8.49,54.33962264150943,13584.91,89.0,Q2 (Low-Mid EITC)
CT,06770,15950.0,2930.0,5454.0,7940.0,12400.0,0.4978056426332288,,,,49.78,18.37,1458.5705329153604,364642.63,218.0,Q4 (Highest EITC)
CT,06776,13630.0,1650.0,2613.0,7250.0,9330.0,0.5319148936170213,,,,53.19,12.11,877.6595744680851,219414.89,159.0,Q3 (Mid-High EITC)
CT,06777,860.0,80.0,90.0,520.0,460.0,0.6046511627906976,,,,60.47,9.3,48.372093023255815,12093.02,106.0,Q2 (Low-Mid EITC)
CT,06778,660.0,60.0,84.0,350.0,450.0,0.5303030303030303,,,,53.03,9.09,31.818181818181817,7954.55,101.0,Q2 (Low-Mid EITC)
CT,06779,4130.0,610.0,1012.0,2150.0,3210.0,0.5205811138014528,,,,52.06,14.77,317.5544794188862,79388.62,196.0,Q3 (Mid-High EITC)
CT,06782,1220.0,140.0,196.0,650.0,880.0,0.5327868852459017,,,,53.28,11.48,74.59016393442623,18647.54,152.0,Q3 (Mid-High EITC)
CT,06783,1110.0,80.0,104.0,750.0,550.0,0.6756756756756757,,,,67.57,7.21,54.05405405405405,13513.51,55.0,Q1 (Lowest EITC)
CT,06784,1820.0,130.0,161.0,1200.0,1060.0,0.6593406593406593,,,,65.93,7.14,85.7142857142857,21428.57,50.0,Q1 (Lowest EITC)
CT,06785,300.0,30.0,48.0,200.0,160.0,0.6666666666666666,,,,66.67,10.0,19.999999999999996,5000.0,128.0,Q2 (Low-Mid EITC)
CT,06786,5030.0,730.0,1199.0,2420.0,3870.0,0.4811133200795228,,,,48.11,14.51,351.2127236580517,87803.18,194.0,Q3 (Mid-High EITC)
CT,06787,4050.0,520.0,843.0,2100.0,3030.0,0.5185185185185185,,,,51.85,12.84,269.6296296296296,67407.41,173.0,Q3 (Mid-High EITC)
CT,06790,18010.0,3650.0,6545.0,8660.0,13840.0,0.4808439755691283,,,,48.08,20.27,1755.0805108273182,438770.13,226.0,Q4 (Highest EITC)
CT,06791,2910.0,260.0,362.0,1650.0,1950.0,0.5670103092783505,,,,56.7,8.93,147.42268041237114,36855.67,97.0,Q2 (Low-Mid EITC)
CT,06793,520.0,30.0,49.0,350.0,240.0,0.6730769230769231,,,,67.31,5.77,20.19230769230769,5048.08,26.0,Q1 (Lowest EITC)
CT,06794,570.0,60.0,99.0,390.0,280.0,0.6842105263157895,,,,68.42,10.53,41.05263157894737,10263.16,138.0,Q3 (Mid-High EITC)
CT,06795,7240.0,690.0,1113.0,4210.0,4850.0,0.5814917127071824,,,,58.15,9.53,401.22928176795585,100307.32,114.0,Q2 (Low-Mid EITC)
CT,06796,450.0,50.0,73.0,320.0,210.0,0.7111111111111111,,,,71.11,11.11,35.55555555555556,8888.89,147.0,Q3 (Mid-High EITC)
CT,06798,5130.0,430.0,621.0,3050.0,3140.0,0.594541910331384,,,,59.45,8.38,255.65302144249515,63913.26,83.0,Q2 (Low-Mid EITC)
CT,06801,10290.0,1090.0,1855.0,5880.0,6620.0,0.5714285714285714,,,,57.14,10.59,622.8571428571428,155714.29,140.0,Q3 (Mid-High EITC)
CT,06804,9040.0,760.0,1177.0,5190.0,5520.0,0.5741150442477876,,,,57.41,8.41,436.32743362831854,109081.86,85.0,Q2 (Low-Mid EITC)
CT,06807,3490.0,210.0,350.0,2530.0,1650.0,0.7249283667621776,,,,72.49,6.02,152.2349570200573,38058.74,28.0,Q1 (Lowest EITC)
CT,06810,26290.0,4740.0,9208.0,17470.0,17970.0,0.6645112209965767,,,,66.45,18.03,3149.7831875237734,787445.8,215.0,Q4 (Highest EITC)
CT,06811,15260.0,1910.0,3277.0,9330.0,10150.0,0.6114023591087812,,,,61.14,12.52,1167.778505897772,291944.63,167.0,Q3 (Mid-High EITC)
CT,06812,6950.0,560.0,842.0,4350.0,4270.0,0.6258992805755396,,,,62.59,8.06,350.50359712230215,87625.9,78.0,Q2 (Low-Mid EITC)
CT,06820,9510.0,400.0,518.0,6880.0,3860.0,0.7234490010515248,,,,72.34,4.21,289.3796004206099,72344.9,6.0,Q1 (Lowest EITC)
CT,06824,15210.0,840.0,1212.0,9860.0,7450.0,0.6482577251808022,,,,64.83,5.52,544.5364891518739,136134.12,22.0,Q1 (Lowest EITC)
CT,06825,10050.0,1000.0,1733.0,6110.0,5820.0,0.6079601990049751,,,,60.8,9.95,607.9601990049752,151990.05,126.0,Q2 (Low-Mid EITC)
CT,06830,12130.0,1070.0,1895.0,8850.0,5700.0,0.72959604286892,,,,72.96,8.82,780.6677658697444,195166.94,95.0,Q2 (Low-Mid EITC)
CT,06831,7330.0,380.0,535.0,5560.0,3120.0,0.7585266030013642,,,,75.85,5.18,288.24010914051837,72060.03,14.0,Q1 (Lowest EITC)
CT,06840,9070.0,360.0,557.0,6750.0,3470.0,0.7442116868798236,,,,74.42,3.97,267.9162072767365,66979.05,4.0,Q1 (Lowest EITC)
CT,06850,11210.0,1410.0,2415.0,6400.0,7180.0,0.5709188224799286,,,,57.09,12.58,804.9955396966994,201248.88,169.0,Q3 (Mid-High EITC)
CT,06851,14830.0,1750.0,2893.0,8660.0,9280.0,0.5839514497639919,,,,58.4,11.8,1021.9150370869859,255478.76,156.0,Q3 (Mid-High EITC)
CT,06853,1780.0,60.0,53.0,1370.0,670.0,0.7696629213483146,,,,76.97,3.37,46.17977528089887,11544.94,3.0,Q1 (Lowest EITC)
CT,06854,14860.0,2950.0,5746.0,8550.0,10480.0,0.5753701211305519,,,,57.54,19.85,1697.341857335128,424335.46,224.0,Q4 (Highest EITC)
CT,06855,4470.0,570.0,953.0,2650.0,2770.0,0.5928411633109619,,,,59.28,12.75,337.9194630872483,84479.87,172.0,Q3 (Mid-High EITC)
CT,06870,3330.0,100.0,119.0,2510.0,1380.0,0.7537537537537538,,,,75.38,3.0,75.37537537537537,18843.84,2.0,Q1 (Lowest EITC)
CT,06877,11630.0,600.0,821.0,7600.0,5580.0,0.6534823731728289,,,,65.35,5.16,392.08942390369725,98022.36,13.0,Q1 (Lowest EITC)
CT,06878,3790.0,180.0,269.0,2780.0,1610.0,0.7335092348284961,,,,73.35,4.75,132.0316622691293,33007.92,10.0,Q1 (Lowest EITC)
CT,06880,12840.0,610.0,786.0,9400.0,4930.0,0.7320872274143302,,,,73.21,4.75,446.5732087227414,111643.3,11.0,Q1 (Lowest EITC)
CT,06883,4460.0,190.0,247.0,3160.0,1780.0,0.7085201793721974,,,,70.85,4.26,134.6188340807175,33654.71,7.0,Q1 (Lowest EITC)
CT,06890,2230.0,90.0,116.0,1560.0,970.0,0.6995515695067265,,,,69.96,4.04,62.95964125560538,15739.91,5.0,Q1 (Lowest EITC)
CT,06896,4150.0,220.0,299.0,2650.0,1960.0,0.6385542168674698,,,,63.86,5.3,140.48192771084337,35120.48,16.0,Q1 (Lowest EITC)
CT,06897,8210.0,370.0,468.0,5350.0,3720.0,0.6516443361753959,,,,65.16,4.51,241.10840438489646,60277.1,9.0,Q1 (Lowest EITC)
CT,06901,5590.0,550.0,820.0,2870.0,3640.0,0.5134168157423972,,,,51.34,9.84,282.37924865831843,70594.81,124.0,Q2 (Low-Mid EITC)
CT,06902,34770.0,5780.0,11189.0,21720.0,23050.0,0.6246764452113891,,,,62.47,16.62,3610.629853321829,902657.46,208.0,Q4 (Highest EITC)
CT,06903,7220.0,390.0,518.0,5110.0,3330.0,0.7077562326869806,,,,70.78,5.4,276.0249307479225,69006.23,18.0,Q1 (Lowest EITC)
CT,06905,11200.0,1100.0,1780.0,6940.0,6640.0,0.6196428571428572,,,,61.96,9.82,681.6071428571429,170401.79,123.0,Q2 (Low-Mid EITC)
CT,06906,5240.0,720.0,1302.0,3290.0,3360.0,0.6278625954198473,,,,62.79,13.74,452.0610687022901,113015.27,185.0,Q3 (Mid-High EITC)
CT,06907,5030.0,600.0,985.0,3100.0,3200.0,0.6163021868787276,,,,61.63,11.93,369.78131212723656,92445.33,157.0,Q3 (Mid-High EITC)
